<keymap version="1" name="Windows copy" parent="$default">
  <action id="$Redo">
    <keyboard-shortcut first-keystroke="ctrl y" />
  </action>
  <action id="Android.Designer.PreviousDevice" />
  <action id="CIDR.Lang.Cpp.GenerateDefinitions" />
  <action id="CloseContent">
    <keyboard-shortcut first-keystroke="shift escape" />
  </action>
  <action id="CompareTwoFiles" />
  <action id="Diff.ShowDiff" />
  <action id="Diff.ShowSettingsPopup" />
  <action id="Editor Redo">
    <keyboard-shortcut first-keystroke="ctrl y" />
  </action>
  <action id="EditorDeleteLine">
    <keyboard-shortcut first-keystroke="ctrl d" />
  </action>
  <action id="EditorDuplicate">
    <keyboard-shortcut first-keystroke="shift ctrl d" />
  </action>
  <action id="FileChooser.GotoDesktop" />
  <action id="RunDashboard.CopyConfiguration" />
  <action id="SendEOF" />
  <action id="UpdateRunningApplication" />
  <action id="XDebugger.CopyWatch" />
  <action id="android.deploy.ApplyChanges">
    <keyboard-shortcut first-keystroke="ctrl f10" />
  </action>
  <action id="android.deploy.CodeSwap">
    <keyboard-shortcut first-keystroke="ctrl alt f10" />
  </action>
</keymap>